Mês;Ano;"ID do adolescente";"ID da movimentação";"Nome social";Nome;Unidade;Medida;"Data da admissão";"Data do desligamento";"Adolescente matriculado?";"Data da matrícula";"Ano que o adolescente está matriculado";"Modalidade de ensino";"Situação da atividade educacional";Turno;"Participação da família nos encaminhamentos de ensino";"Número de dias letivos previstos no mês";"Número de dias frequentados pelo adolescente no mês";"Nome da escola";Observações
5;2026;28316;98759;;"GABRIEL MARTINS FERREIRA";"CENTRO SOCIOEDUCATIVO SANTA CLARA";INTERNACAO;01/09/2025;11/05/2026;SIM;16/01/2026;"1º ANO ENSINO FUND.";"ENSINO REGULAR";"PERIODO LETIVO REGULAR";MANHA;SIM;6;6;"Escola Estadual Jovem Protagonista";
5;2026;28833;99458;;"MARCOS HENRIQUE PEREIRA DOS SANTOS";"CENTRO SOCIOEDUCATIVO SANTA CLARA";INTERNACAO;03/10/2025;28/05/2026;NAO;;"NAO ESTA FREQUENTANDO A ESCOLA";"NAO SE APLICA";"ENSINO MEDIO COMPLETO";"NAO SE APLICA";"NAO SE APLICA";;;;
5;2026;32087;99576;;"GABRIEL VINICIUS FERREIRA FELIPE";"CENTRO SOCIOEDUCATIVO SANTA CLARA";INTERNACAO;08/10/2025;;SIM;16/01/2026;"7º ANO ENSINO FUND.";"ENSINO REGULAR";"PERIODO LETIVO REGULAR";MANHA;SIM;20;20;"Escola Estadual Jovem Protagonista";
5;2026;29408;99681;;"JOAO HEBERT GOMES DE SOUZA";"CENTRO SOCIOEDUCATIVO SANTA CLARA";INTERNACAO;14/10/2025;;SIM;16/01/2026;"2º ANO ENSINO MEDIO";"ENSINO REGULAR";"PERIODO LETIVO REGULAR";MANHA;SIM;20;20;"Escola Estadual Jovem Protagonista";
5;2026;30778;99779;;"MATHEUS LUCAS DOS REIS";"CENTRO SOCIOEDUCATIVO SANTA CLARA";INTERNACAO;20/10/2025;08/05/2026;SIM;16/01/2026;"7º ANO ENSINO FUND.";"ENSINO REGULAR";"PERIODO LETIVO REGULAR";MANHA;SIM;5;5;"Escola Estadual Jovem Protaganista";
5;2026;32708;99780;;"DANIEL MARIANO DA SILVA";"CENTRO SOCIOEDUCATIVO SANTA CLARA";INTERNACAO;20/10/2025;;SIM;16/01/2026;"8º ANO ENSINO FUND.";"ENSINO REGULAR";"PERIODO LETIVO REGULAR";MANHA;SIM;20;20;"Escola Estadual Jovem Protaganista";
5;2026;30721;100498;;"CHRISTOPHER DIAS BARBOSA";"CENTRO SOCIOEDUCATIVO SANTA CLARA";INTERNACAO;25/11/2025;25/05/2026;SIM;16/01/2026;"1º ANO ENSINO FUND.";"ENSINO REGULAR";"PERIODO LETIVO REGULAR";MANHA;SIM;16;16;"Escola Estadual Jovem Protagonista";
5;2026;30764;100648;;"LUIZ FERNANDO GONCALVES RODRIGUES";"CENTRO SOCIOEDUCATIVO SANTA CLARA";INTERNACAO;03/12/2025;;SIM;16/01/2026;"2º ANO ENSINO MEDIO";"ENSINO REGULAR";"PERIODO LETIVO REGULAR";MANHA;SIM;20;20;"Escola Estadual Jovem Protaganista";
5;2026;33002;100658;;"LUIZ OTAVIO ALMEIDA DA SILVA";"CENTRO SOCIOEDUCATIVO SANTA CLARA";INTERNACAO;04/12/2025;11/05/2026;SIM;16/01/2026;"7º ANO ENSINO FUND.";"ENSINO REGULAR";"PERIODO LETIVO REGULAR";MANHA;SIM;10;9;"E.E. Jovem Protagonista";
5;2026;29772;100716;;"RODRIGO ARTUR RODRIGUES GONCALVES";"CENTRO SOCIOEDUCATIVO SANTA CLARA";INTERNACAO;05/12/2025;18/05/2026;SIM;16/01/2026;"1º ANO ENSINO MEDIO";"ENSINO REGULAR";"PERIODO LETIVO REGULAR";MANHA;SIM;11;11;"Escola Estadual Jovem Protagonista";
5;2026;30784;100845;;"GUILHERME DIAS DA SILVA COELHO";"CENTRO SOCIOEDUCATIVO SANTA CLARA";INTERNACAO;14/12/2025;;SIM;16/01/2026;"8º ANO ENSINO FUND.";"ENSINO REGULAR";"PERIODO LETIVO REGULAR";MANHA;SIM;20;20;"E.E. Jovem Protagonista";
5;2026;26732;100886;;"ITALO KAUAN DE OLIVEIRA DIAS";"CENTRO SOCIOEDUCATIVO SANTA CLARA";INTERNACAO;17/12/2025;20/05/2026;SIM;16/01/2026;"8º ANO ENSINO FUND.";"ENSINO REGULAR";"PERIODO LETIVO REGULAR";MANHA;SIM;15;15;"Escola Estadual Jovem Protagonista";
5;2026;32820;101003;;"VITOR DOS SANTOS FERREIRA";"CENTRO SOCIOEDUCATIVO SANTA CLARA";INTERNACAO;22/12/2025;19/05/2026;SIM;16/01/2026;"8º ANO ENSINO FUND.";"ENSINO REGULAR";"PERIODO LETIVO REGULAR";MANHA;SIM;15;15;"E.E. Jovem Protagonista";
5;2026;30619;101535;;"RYAN OLIVEIRA DA SILVA";"CENTRO SOCIOEDUCATIVO SANTA CLARA";INTERNACAO;22/01/2026;;SIM;24/01/2026;"6º ANO ENSINO FUND.";"ENSINO REGULAR";"PERIODO LETIVO REGULAR";MANHA;SIM;20;20;"E.E. Jovem Protagonista";
5;2026;30532;101878;;"MATHEUS HENRIQUE DA SILVA PINHEIRO";"CENTRO SOCIOEDUCATIVO SANTA CLARA";INTERNACAO;06/02/2026;;SIM;08/02/2026;"1º ANO ENSINO MEDIO";"ENSINO REGULAR";"PERIODO LETIVO REGULAR";MANHA;SIM;20;20;"E.E. Jovem Protagonista";
5;2026;30936;101957;;"GUSTAVO JUNIO DA SILVA COSTA";"CENTRO SOCIOEDUCATIVO SANTA CLARA";INTERNACAO;10/02/2026;;SIM;13/02/2026;"7º ANO ENSINO FUND.";"ENSINO REGULAR";"PERIODO LETIVO REGULAR";MANHA;SIM;20;20;"Escola Estadual Jovem Protagonista";
5;2026;28914;101968;;"VICTOR FERMANO DE SOUZA";"CENTRO SOCIOEDUCATIVO SANTA CLARA";INTERNACAO;10/02/2026;07/05/2026;SIM;11/02/2026;"8º ANO ENSINO FUND.";"ENSINO REGULAR";"PERIODO LETIVO REGULAR";MANHA;SIM;5;5;"Escola Estadual Jovem Protagonista";
5;2026;28889;101998;;"BRUNO HENRIQUE FERNANDES";"CENTRO SOCIOEDUCATIVO SANTA CLARA";INTERNACAO;11/02/2026;08/05/2026;SIM;12/02/2026;"9º ANO ENSINO FUND.";"ENSINO REGULAR";"PERIODO LETIVO REGULAR";MANHA;SIM;7;7;"Escola Estadual Jovem Protagonista";
5;2026;31656;102098;;"WILLIAN GABRIEL ALVES DE MOURA";"CENTRO SOCIOEDUCATIVO SANTA CLARA";INTERNACAO;13/02/2026;;SIM;15/02/2026;"1º ANO ENSINO MEDIO";"ENSINO REGULAR";"PERIODO LETIVO REGULAR";MANHA;SIM;20;20;"Escola Estadual Jovem Protagonista";
5;2026;29620;102099;;"GEOVANE OLIVEIRA DA SILVA";"CENTRO SOCIOEDUCATIVO SANTA CLARA";INTERNACAO;13/02/2026;04/05/2026;SIM;16/02/2026;"1º ANO ENSINO MEDIO";"ENSINO REGULAR";"PERIODO LETIVO REGULAR";MANHA;NAO;4;4;"Escola Estadual Jovem Protaganista";
5;2026;27530;102100;;"CAUA FERNANDO MOREIRA SOUSA";"CENTRO SOCIOEDUCATIVO SANTA CLARA";INTERNACAO;13/02/2026;19/05/2026;SIM;16/02/2026;"1º ANO ENSINO FUND.";"ENSINO REGULAR";"PERIODO LETIVO REGULAR";MANHA;SIM;14;14;"E.E. Jovem Protagonista";
5;2026;28830;102114;;"VITOR GABRIEL OLIVEIRA NOVAIS";"CENTRO SOCIOEDUCATIVO SANTA CLARA";INTERNACAO;13/02/2026;13/05/2026;SIM;23/02/2026;"7º ANO ENSINO FUND.";"ENSINO REGULAR";"PERIODO LETIVO REGULAR";MANHA;SIM;9;9;"Escola Estadual Jovem Protaganista";
5;2026;30084;102219;;"CAUA JACO SILVA VASCONCELOS";"CENTRO SOCIOEDUCATIVO SANTA CLARA";INTERNACAO;19/02/2026;;SIM;20/02/2026;"9º ANO ENSINO FUND.";"ENSINO REGULAR";"PERIODO LETIVO REGULAR";MANHA;SIM;20;20;"Escola Estadual Jovem Protagonista";
5;2026;30067;102230;;"LUCAS GUILHERME SILVA";"CENTRO SOCIOEDUCATIVO SANTA CLARA";INTERNACAO;20/02/2026;26/05/2026;SIM;24/02/2026;"8º ANO ENSINO FUND.";"ENSINO REGULAR";"PERIODO LETIVO REGULAR";MANHA;SIM;16;16;"JOVEM PROTAGONISTA";
5;2026;31191;102231;;"ALEXSANDRO CARVALHO DA SILVA GARCIA";"CENTRO SOCIOEDUCATIVO SANTA CLARA";INTERNACAO;20/02/2026;28/05/2026;SIM;22/02/2026;"1º ANO ENSINO MEDIO";"ENSINO REGULAR";"PERIODO LETIVO REGULAR";MANHA;SIM;20;20;"Escola Estadual Jovem Protaganista";
5;2026;27852;102244;;"JULIO CESAR DO NASCIMENTO FILHO";"CENTRO SOCIOEDUCATIVO SANTA CLARA";INTERNACAO;21/02/2026;05/05/2026;SIM;24/02/2026;"7º ANO ENSINO FUND.";"ENSINO REGULAR";"PERIODO LETIVO REGULAR";MANHA;SIM;4;4;"Escola Estadual Jovem Protaganista";
5;2026;30222;102278;;"KAIQUE GABRIEL PEREIRA PIRES";"CENTRO SOCIOEDUCATIVO SANTA CLARA";INTERNACAO;20/02/2026;;SIM;23/02/2026;"7º ANO ENSINO FUND.";"ENSINO REGULAR";"PERIODO LETIVO REGULAR";MANHA;SIM;20;20;"Escola Estadual Jovem Protagonista";
5;2026;30295;102337;;"ASAFE ALVES GOMES FERREIRA";"CENTRO SOCIOEDUCATIVO SANTA CLARA";INTERNACAO;26/02/2026;05/05/2026;SIM;28/02/2026;"6º ANO ENSINO FUND.";"ENSINO REGULAR";"PERIODO LETIVO REGULAR";MANHA;SIM;5;5;"E.E. Jovem Protagonista";
5;2026;27735;102378;;"KAIQUE PEREIRA DE CASTRO";"CENTRO SOCIOEDUCATIVO SANTA CLARA";INTERNACAO;27/02/2026;25/05/2026;SIM;01/03/2026;"7º ANO ENSINO FUND.";"ENSINO REGULAR";"PERIODO LETIVO REGULAR";MANHA;SIM;18;20;"Escola Estadual Jovem Protaganista";"saídas de saúde."
5;2026;31338;102379;;"KEVIN MATEUS ANDRADE FERREIRA";"CENTRO SOCIOEDUCATIVO SANTA CLARA";INTERNACAO;27/02/2026;06/05/2026;SIM;02/03/2026;"7º ANO ENSINO FUND.";"ENSINO REGULAR";"PERIODO LETIVO REGULAR";MANHA;SIM;5;5;"Escola Estadual Jovem Protaganista";
5;2026;33549;102512;;"BRYAN FERREIRA ALVES";"CENTRO SOCIOEDUCATIVO SANTA CLARA";INTERNACAO;06/03/2026;13/05/2026;SIM;08/03/2026;"8º ANO ENSINO FUND.";"ENSINO REGULAR";"PERIODO LETIVO REGULAR";MANHA;NAO;8;8;"E.E. Jovem Protagonista";
5;2026;32571;102558;;"GABRIEL PEREIRA COLARES";"CENTRO SOCIOEDUCATIVO SANTA CLARA";INTERNACAO;09/03/2026;;SIM;30/03/2026;"9º ANO ENSINO FUND.";"ENSINO REGULAR";"PERIODO LETIVO REGULAR";MANHA;SIM;20;20;"E.E. Jovem Protagonista";
5;2026;33615;102638;;"KEVIN DE JESUS DOS SANTOS";"CENTRO SOCIOEDUCATIVO SANTA CLARA";INTERNACAO;11/03/2026;;SIM;16/03/2026;"7º ANO ENSINO FUND.";"ENSINO REGULAR";"PERIODO LETIVO REGULAR";MANHA;SIM;20;20;"Escola Estadual Jovem Protaganista";
5;2026;29579;102665;;"RYAN ADRIAN SANTOS DA ROCHA";"CENTRO SOCIOEDUCATIVO SANTA CLARA";INTERNACAO;12/03/2026;06/05/2026;SIM;14/03/2026;"9º ANO ENSINO FUND.";"ENSINO REGULAR";"PERIODO LETIVO REGULAR";MANHA;SIM;5;5;"E.E. Jovem Protagonista";
5;2026;31262;102680;;"GABRIEL LORRANS GOMES CARDOSO";"CENTRO SOCIOEDUCATIVO SANTA CLARA";INTERNACAO;13/03/2026;;SIM;19/03/2026;"9º ANO ENSINO FUND.";"ENSINO REGULAR";"PERIODO LETIVO REGULAR";MANHA;SIM;20;20;"E.E. Jovem Protagonista";
5;2026;33650;102681;;"RENAN OLIVEIRA SANTOS";"CENTRO SOCIOEDUCATIVO SANTA CLARA";INTERNACAO;13/03/2026;;SIM;16/03/2026;"7º ANO ENSINO FUND.";"ENSINO REGULAR";"PERIODO LETIVO REGULAR";MANHA;SIM;20;20;"Escola Estadual Jovem Protaganista";
5;2026;30833;102750;;"JOAQUIM EDUARDO FARIA DOS REIS";"CENTRO SOCIOEDUCATIVO SANTA CLARA";INTERNACAO;18/03/2026;06/05/2026;SIM;20/03/2026;"2º ANO ENSINO MEDIO";"ENSINO REGULAR";"PERIODO LETIVO REGULAR";MANHA;SIM;5;5;"Escola Estadual Jovem Protagonista";
5;2026;31778;102751;;"JEFFERSON LUIZ GONCALVES FRAGA REIS";"CENTRO SOCIOEDUCATIVO SANTA CLARA";INTERNACAO;18/03/2026;;SIM;20/03/2026;"6º ANO ENSINO FUND.";"ENSINO REGULAR";"PERIODO LETIVO REGULAR";MANHA;SIM;20;20;"Escola Estadual Jovem Protagonista";
5;2026;31021;102762;;"CAIO GABRIEL RIBEIRO DE FREITAS";"CENTRO SOCIOEDUCATIVO SANTA CLARA";INTERNACAO;18/03/2026;;SIM;21/03/2023;"2º ANO ENSINO FUND.";"ENSINO REGULAR";"PERIODO LETIVO REGULAR";MANHA;SIM;20;20;"E.E. Jovem Protagonista";
5;2026;27882;102892;;"LUIZ FELIPE GONCALVES DOS SANTOS";"CENTRO SOCIOEDUCATIVO SANTA CLARA";INTERNACAO;23/03/2026;;SIM;24/03/2026;"6º ANO ENSINO FUND.";"ENSINO REGULAR";"PERIODO LETIVO REGULAR";MANHA;SIM;20;20;"Escola Estadual Jovem Protagonista";
5;2026;34012;102938;;"ALEXANDRE ESTEVAO RODRIGUES";"CENTRO SOCIOEDUCATIVO SANTA CLARA";INTERNACAO;25/03/2026;;SIM;28/03/2026;"9º ANO ENSINO FUND.";"ENSINO REGULAR";"PERIODO LETIVO REGULAR";MANHA;SIM;20;20;"E.E. Jovem Protagonista";
5;2026;31131;102980;;"WALLACE JUNIO DOS SANTOS SILVA CUNHA";"CENTRO SOCIOEDUCATIVO SANTA CLARA";INTERNACAO;27/03/2026;;SIM;30/03/2026;"8º ANO ENSINO FUND.";"ENSINO REGULAR";"PERIODO LETIVO REGULAR";MANHA;SIM;20;20;"E.E. Jovem Protagonista";
5;2026;27590;103022;;"ARTHUR DOS SANTOS FERREIRA";"CENTRO SOCIOEDUCATIVO SANTA CLARA";INTERNACAO;30/03/2026;;SIM;31/03/2026;"8º ANO ENSINO FUND.";"ENSINO REGULAR";"PERIODO LETIVO REGULAR";MANHA;SIM;20;20;"E.E. Jovem Protagonista";
5;2026;34015;103026;;"JUAN FELIX JESUS DE OLIVEIRA";"CENTRO SOCIOEDUCATIVO SANTA CLARA";INTERNACAO;30/03/2026;;SIM;01/04/2026;"2º ANO ENSINO MEDIO";"ENSINO REGULAR";"PERIODO LETIVO REGULAR";MANHA;SIM;20;20;"Escola Estadual Jovem Protagonista";
5;2026;28673;103032;;"RYAN GOMES SANTOS";"CENTRO SOCIOEDUCATIVO SANTA CLARA";INTERNACAO;31/03/2026;;SIM;01/04/2026;"2º ANO ENSINO MEDIO";"ENSINO REGULAR";"PERIODO LETIVO REGULAR";MANHA;SIM;20;20;"Escola Estadual Jovem Protagonista";
5;2026;34011;103068;;"ERICK DANIEL DA SILVA PEREIRA";"CENTRO SOCIOEDUCATIVO SANTA CLARA";INTERNACAO;02/04/2026;;SIM;03/04/2026;"2º ANO ENSINO MEDIO";"ENSINO REGULAR";"PERIODO LETIVO REGULAR";MANHA;SIM;20;20;"Escola Estadual Jovem Protagonista";
5;2026;30782;103154;;"RYAN FELIPE ASSUNCAO";"CENTRO SOCIOEDUCATIVO SANTA CLARA";INTERNACAO;06/04/2026;;SIM;08/04/2026;"1º ANO ENSINO FUND.";"ENSINO REGULAR";"PERIODO LETIVO REGULAR";MANHA;SIM;20;20;"E.E. Jovem Protagonista";
5;2026;32296;103155;;"LUCAS GABRIEL GOMES FERREIRA";"CENTRO SOCIOEDUCATIVO SANTA CLARA";INTERNACAO;06/04/2026;;SIM;08/04/2026;"8º ANO ENSINO FUND.";"ENSINO REGULAR";"NAO ESTA FREQUENTANDO A ESCOLA";MANHA;SIM;20;20;"E.E. Jovem Protagonista";
5;2026;29392;103156;;"FELIPE AUGUSTO FERREIRA DE SOUZA";"CENTRO SOCIOEDUCATIVO SANTA CLARA";INTERNACAO;06/04/2026;;SIM;07/04/2026;"1º ANO ENSINO MEDIO";"ENSINO REGULAR";"PERIODO LETIVO REGULAR";MANHA;SIM;20;20;"Escola Estadual Jovem Protagonista";
5;2026;33820;103195;;"LAWAN TALYSON FIGUEIREDO VIANA";"CENTRO SOCIOEDUCATIVO SANTA CLARA";INTERNACAO;08/04/2026;;SIM;13/04/2026;"7º ANO ENSINO FUND.";"ENSINO REGULAR";"NAO ESTA FREQUENTANDO A ESCOLA";MANHA;SIM;20;20;"Escola Estadual Jovem Protagonista";
5;2026;33751;103216;;"CARLOS HENRIQUE DUTRA DA SILVA";"CENTRO SOCIOEDUCATIVO SANTA CLARA";INTERNACAO;09/04/2026;;SIM;13/04/2026;"8º ANO ENSINO FUND.";"ENSINO REGULAR";"PERIODO LETIVO REGULAR";MANHA;SIM;20;20;"Escola Estadual Jovem Protagonista";
5;2026;30159;103256;;"GABRIEL SABINO DOS SANTOS";"CENTRO SOCIOEDUCATIVO SANTA CLARA";INTERNACAO;10/04/2026;;SIM;12/04/2026;"8º ANO ENSINO FUND.";"ENSINO REGULAR";"PERIODO LETIVO REGULAR";MANHA;SIM;20;20;"Escola Estadual Jovem Protagonista";
5;2026;30158;103257;;"ISAQUE DOS SANTOS FARIA";"CENTRO SOCIOEDUCATIVO SANTA CLARA";INTERNACAO;10/04/2026;;SIM;13/04/2026;"2º ANO ENSINO MEDIO";"ENSINO REGULAR";"PERIODO LETIVO REGULAR";MANHA;SIM;20;20;"Escola Estadual Jovem Protagonista";
5;2026;31231;103258;;"KRISTHYAN PHILIPE RODRIGUES DE SOUZA";"CENTRO SOCIOEDUCATIVO SANTA CLARA";INTERNACAO;10/04/2026;;SIM;13/04/2026;"7º ANO ENSINO FUND.";"ENSINO REGULAR";"PERIODO LETIVO REGULAR";MANHA;SIM;20;20;"Escola Estadual Jovem Protagonista";
5;2026;33655;103280;;"MATHEUS SABINO DOS SANTOS";"CENTRO SOCIOEDUCATIVO SANTA CLARA";INTERNACAO;10/04/2026;;SIM;12/04/2026;"9º ANO ENSINO FUND.";"ENSINO REGULAR";"PERIODO LETIVO REGULAR";MANHA;SIM;20;20;"E.E. Jovem Protagonista";
5;2026;31964;103282;;"LUIZ GUILHERME MODESTO CAMPOS";"CENTRO SOCIOEDUCATIVO SANTA CLARA";INTERNACAO;10/04/2026;;SIM;12/04/2026;"8º ANO ENSINO FUND.";"ENSINO REGULAR";"PERIODO LETIVO REGULAR";MANHA;SIM;20;20;"E.E. Jovem Protagonista";
5;2026;27598;103331;;"EVERTON ALEJANDRO SOUZA GUIMARAES";"CENTRO SOCIOEDUCATIVO SANTA CLARA";INTERNACAO;15/04/2026;;SIM;17/04/2026;"1º ANO ENSINO MEDIO";"ENSINO REGULAR";"PERIODO LETIVO REGULAR";MANHA;SIM;20;20;"E.E. Jovem Protagonista";
5;2026;32349;103334;;"RICARDO MIGUEL FERREIRA PINHEIRO";"CENTRO SOCIOEDUCATIVO SANTA CLARA";INTERNACAO;16/04/2026;;SIM;18/04/2026;"1º ANO ENSINO MEDIO";"ENSINO REGULAR";"PERIODO LETIVO REGULAR";MANHA;SIM;20;20;"E.E. Jovem Protagonista";
5;2026;28218;103400;;"KAUA GUSTAVO DE OLIVEIRA CHAVES";"CENTRO SOCIOEDUCATIVO SANTA CLARA";INTERNACAO;17/04/2026;;SIM;21/04/2026;"8º ANO ENSINO FUND.";"ENSINO REGULAR";"PERIODO LETIVO REGULAR";MANHA;SIM;20;20;"E.E. jovem Protagonista";
5;2026;28716;103422;;"RIAN HENRIQUE DE OLIVEIRA GOULART";"CENTRO SOCIOEDUCATIVO SANTA CLARA";INTERNACAO;20/04/2026;;SIM;22/04/2026;"1º ANO ENSINO MEDIO";"ENSINO REGULAR";"PERIODO LETIVO REGULAR";MANHA;SIM;20;20;"E.E. Jovem Protagonista";
5;2026;32230;103484;;"RYAN GABRIEL FERNANDES ALEIXO";"CENTRO SOCIOEDUCATIVO SANTA CLARA";INTERNACAO;24/04/2026;;SIM;26/04/2026;"7º ANO ENSINO FUND.";"ENSINO REGULAR";"PERIODO LETIVO REGULAR";MANHA;SIM;20;20;"Escola Esatdual Jovem Protagonista";
5;2026;30927;103552;;"PEDRO HENRIQUE DOS SANTOS SILVA";"CENTRO SOCIOEDUCATIVO SANTA CLARA";INTERNACAO;29/04/2026;;SIM;30/04/2026;"9º ANO ENSINO FUND.";"ENSINO REGULAR";"PERIODO LETIVO REGULAR";MANHA;SIM;20;20;"E.E. Jovem Protagonista";
5;2026;27650;103558;;"WESLEY OLIVEIRA DE SOUZA";"CENTRO SOCIOEDUCATIVO SANTA CLARA";INTERNACAO;29/04/2026;;SIM;30/04/2026;"1º ANO ENSINO MEDIO";"ENSINO REGULAR";"PERIODO LETIVO REGULAR";MANHA;SIM;20;20;"Escola Esatdual Jovem Protagonista";
5;2026;27434;103740;;"EZEQUIEL DOS ANJOS RIBEIRO VIDOLINO";"CENTRO SOCIOEDUCATIVO SANTA CLARA";INTERNACAO;10/05/2026;;SIM;12/05/2026;"8º ANO ENSINO FUND.";"ENSINO REGULAR";"PERIODO LETIVO REGULAR";MANHA;SIM;13;13;"E.E. Jovem Protagonista";
5;2026;32939;103741;;"NYCOLAS RICHARD RODRIGUES SANTOS";"CENTRO SOCIOEDUCATIVO SANTA CLARA";INTERNACAO;10/05/2026;;SIM;12/05/2026;"8º ANO ENSINO FUND.";"ENSINO REGULAR";"PERIODO LETIVO REGULAR";MANHA;SIM;13;13;"E.E. Jovem Protagonista";
5;2026;27388;103763;;"KAUA DUARTE JARDIM";"CENTRO SOCIOEDUCATIVO SANTA CLARA";INTERNACAO;11/05/2026;;SIM;13/05/2026;"7º ANO ENSINO FUND.";"ENSINO REGULAR";"PERIODO LETIVO REGULAR";MANHA;SIM;13;13;"E.E. Jovem Protagonista";
5;2026;30176;103770;;"VINICIUS ALVES DA SILVA";"CENTRO SOCIOEDUCATIVO SANTA CLARA";INTERNACAO;12/05/2026;;SIM;14/05/2026;"9º ANO ENSINO FUND.";"ENSINO REGULAR";"PERIODO LETIVO REGULAR";MANHA;SIM;12;12;"E.E. Jovem Protagonista";
5;2026;30810;103798;;"RAVY CHRISTIAN ALVES TAVARES";"CENTRO SOCIOEDUCATIVO SANTA CLARA";INTERNACAO;13/05/2026;;SIM;15/05/2026;"8º ANO ENSINO FUND.";"ENSINO REGULAR";"PERIODO LETIVO REGULAR";MANHA;SIM;20;20;"E.E. Jovem Protagonista";
5;2026;31390;103799;;"JOAO PEDRO BARROS CRUZ";"CENTRO SOCIOEDUCATIVO SANTA CLARA";INTERNACAO;13/05/2026;;SIM;15/05/2026;"1º ANO ENSINO MEDIO";"ENSINO REGULAR";"PERIODO LETIVO REGULAR";MANHA;SIM;10;10;"EE Jovem Protagonista";
5;2026;32386;103800;;"ALEF SANTANA DE ANDRADE";"CENTRO SOCIOEDUCATIVO SANTA CLARA";INTERNACAO;13/05/2026;;SIM;15/05/2026;"8º ANO ENSINO FUND.";"ENSINO REGULAR";"PERIODO LETIVO REGULAR";MANHA;SIM;10;10;"E.E. Jovem Protagonista";
5;2026;32268;103801;;"LUCAS WILLIAM MENDES DE SOUZA";"CENTRO SOCIOEDUCATIVO SANTA CLARA";INTERNACAO;13/05/2026;;SIM;15/05/2026;"1º ANO ENSINO MEDIO";"ENSINO REGULAR";"PERIODO LETIVO REGULAR";MANHA;SIM;10;10;"E.E. Jovem Protagonista";
5;2026;33287;103811;;"EFRAYN FIGUEIRA BRITO";"CENTRO SOCIOEDUCATIVO SANTA CLARA";INTERNACAO;14/05/2026;;SIM;18/05/2026;"8º ANO ENSINO FUND.";"ENSINO REGULAR";"PERIODO LETIVO REGULAR";MANHA;SIM;10;10;"E.E. Jovem Protagonista";
5;2026;33273;103867;;"DOUGLAS DOS SANTOS";"CENTRO SOCIOEDUCATIVO SANTA CLARA";INTERNACAO;16/05/2026;;SIM;18/05/2026;"8º ANO ENSINO FUND.";"ENSINO REGULAR";"PERIODO LETIVO REGULAR";MANHA;SIM;10;10;"E.E. Jovem Protagonista";
5;2026;31328;103924;;"WARLEY JUNIO DE SOUZA SILVA";"CENTRO SOCIOEDUCATIVO SANTA CLARA";INTERNACAO;20/05/2026;;SIM;22/05/2026;"6º ANO ENSINO FUND.";"ENSINO REGULAR";"PERIODO LETIVO REGULAR";MANHA;SIM;7;7;"EE Jovem Protagonista";
5;2026;34349;103931;;"ELESSANDRO DA SILVA";"CENTRO SOCIOEDUCATIVO SANTA CLARA";INTERNACAO;21/05/2026;;SIM;22/05/2026;"2º ANO ENSINO MEDIO";"ENSINO REGULAR";"PERIODO LETIVO REGULAR";MANHA;SIM;5;5;"E.E. Jovem Protagonista";
5;2026;29522;103946;;"DAVID PHILIP SOUSA CORREA";"CENTRO SOCIOEDUCATIVO SANTA CLARA";INTERNACAO;20/05/2026;;SIM;22/05/2026;"2º ANO ENSINO MEDIO";"ENSINO REGULAR";"PERIODO LETIVO REGULAR";MANHA;SIM;6;6;"E.E. Jovem Protagonista";
5;2026;26424;103947;;"RYAN SAMUEL DOS SANTOS";"CENTRO SOCIOEDUCATIVO SANTA CLARA";INTERNACAO;21/05/2026;;SIM;23/05/2026;"7º ANO ENSINO FUND.";"ENSINO REGULAR";"PERIODO LETIVO REGULAR";MANHA;SIM;5;5;"Escola Estadual Jovem Protagonista";
5;2026;33105;103970;;"KAUAN BATISTA DE OLIVEIRA ASSIS";"CENTRO SOCIOEDUCATIVO SANTA CLARA";INTERNACAO;24/05/2026;;SIM;26/05/2026;"7º ANO ENSINO FUND.";"ENSINO REGULAR";"PERIODO LETIVO REGULAR";MANHA;SIM;4;4;"E.E. Jovem Protagonista";
5;2026;32504;103978;;"MARCOS EDUARDO DOS SANTOS SOUZA";"CENTRO SOCIOEDUCATIVO SANTA CLARA";INTERNACAO;22/05/2026;;SIM;25/05/2026;"8º ANO ENSINO FUND.";"ENSINO REGULAR";"PERIODO LETIVO REGULAR";MANHA;SIM;5;5;"Escola Estadual Jovem Protagonista";
5;2026;33582;103995;;"BRENO RODRIGUES SANTOS CARNEIRO";"CENTRO SOCIOEDUCATIVO SANTA CLARA";INTERNACAO;25/05/2026;;SIM;27/05/2026;"8º ANO ENSINO FUND.";"ENSINO REGULAR";"PERIODO LETIVO REGULAR";MANHA;SIM;3;3;"E.E. Jovem Protagonista";
5;2026;29096;104050;;"ANDREY FELIPE ARAUJO CARDOSO";"CENTRO SOCIOEDUCATIVO SANTA CLARA";INTERNACAO;27/05/2026;;SIM;28/05/2026;"2º ANO ENSINO MEDIO";"ENSINO REGULAR";"PERIODO LETIVO REGULAR";MANHA;SIM;1;1;"E.E. Jovem Protagonista";
5;2026;29452;102950;;"KAYCK ALEXANDRE DA PAZ TEIXEIRA";"CENTRO SOCIOEDUCATIVO SANTA CLARA";INTERNACAO-SANCAO;26/03/2026;21/05/2026;SIM;28/03/2026;"8º ANO ENSINO FUND.";"ENSINO REGULAR";"PERIODO LETIVO REGULAR";MANHA;SIM;14;14;"E.E. Jovem Protagonista";
5;2026;26579;103633;;"PEDRO LUCAS SOUZA SILVA";"CENTRO SOCIOEDUCATIVO SANTA CLARA";INTERNACAO-SANCAO;04/05/2026;;SIM;06/05/2026;"6º ANO ENSINO FUND.";"ENSINO REGULAR";"PERIODO LETIVO REGULAR";MANHA;SIM;17;17;"E.E. Jovem Protagonista";
5;2026;31343;104113;;"DANIEL MIGUEL MIRANDA DA SILVA";"CENTRO SOCIOEDUCATIVO SANTA CLARA";INTERNACAO-SANCAO;31/05/2026;;NAO;;"NAO ESTA FREQUENTANDO A ESCOLA";"NAO SE APLICA";"NAO ESTA FREQUENTANDO A ESCOLA";"NAO SE APLICA";"NAO SE APLICA";;;;
